Galactic Longitude,Altitude,Azimuth,Radial Velocity (km/s),Power
0.0,10.37109375,207.8173828125,925.58624,0.8738711
0.0,10.37109375,207.8173828125,921.4639,0.6034839
0.0,10.37109375,207.8173828125,917.34155,0.6248257
0.0,10.37109375,207.8173828125,913.2193,0.6075947
0.0,10.37109375,207.8173828125,904.97473,0.6127684
0.0,10.37109375,207.8173828125,898.79126,0.6149645
0.0,10.37109375,207.8173828125,892.6078,0.56877923
0.0,10.37109375,207.8173828125,886.4243,0.6374583
0.0,10.37109375,207.8173828125,882.30206,0.62412095
0.0,10.37109375,207.8173828125,876.1186,0.618624
0.0,10.37109375,207.8173828125,869.9351,0.5990665
0.0,10.37109375,207.8173828125,861.69055,0.59766436
0.0,10.37109375,207.8173828125,853.44586,0.825433
0.0,10.37109375,207.8173828125,849.3236,0.6200137
0.0,10.37109375,207.8173828125,845.20123,0.605649
0.0,10.37109375,207.8173828125,839.01776,0.62482214
0.0,10.37109375,207.8173828125,824.5897,0.62541175
0.0,10.37109375,207.8173828125,820.46747,0.5825231
0.0,10.37109375,207.8173828125,814.284,0.83709145
0.0,10.37109375,207.8173828125,810.1616,0.6350949
0.0,10.37109375,207.8173828125,806.03937,0.6456928
0.0,10.37109375,207.8173828125,797.7948,0.6122122
0.0,10.37109375,207.8173828125,793.6725,0.63325334
0.0,10.37109375,207.8173828125,789.5502,0.64226866
0.0,10.37109375,207.8173828125,779.2444,0.63882875
0.0,10.37109375,207.8173828125,770.9998,0.65973663
0.0,10.37109375,207.8173828125,766.87744,0.66926455
0.0,10.37109375,207.8173828125,760.6941,0.64129853
0.0,10.37109375,207.8173828125,756.5717,0.62898827
0.0,10.37109375,207.8173828125,752.4494,0.6465583
0.0,10.37109375,207.8173828125,746.266,0.66894484
0.0,10.37109375,207.8173828125,738.02136,0.69254446
0.0,10.37109375,207.8173828125,731.8379,0.655277
0.0,10.37109375,207.8173828125,727.7156,0.6419561
0.0,10.37109375,207.8173828125,719.471,0.6395123
0.0,10.37109375,207.8173828125,713.28754,0.6496239
0.0,10.37109375,207.8173828125,709.1652,0.6575041
0.0,10.37109375,207.8173828125,705.0429,0.6298895
0.0,10.37109375,207.8173828125,698.85944,0.65571284
0.0,10.37109375,207.8173828125,694.7372,0.61593795
0.0,10.37109375,207.8173828125,686.49255,0.6025872
0.0,10.37109375,207.8173828125,680.3091,0.6226046
0.0,10.37109375,207.8173828125,672.0645,0.6181786
0.0,10.37109375,207.8173828125,665.88104,0.6115167
0.0,10.37109375,207.8173828125,657.6364,0.5932567
0.0,10.37109375,207.8173828125,653.5141,0.6046839
0.0,10.37109375,207.8173828125,639.08606,0.59214115
0.0,10.37109375,207.8173828125,626.7191,0.58906436
0.0,10.37109375,207.8173828125,618.47455,0.5556464
0.0,10.37109375,207.8173828125,604.04645,0.55746365
0.0,10.37109375,207.8173828125,597.863,0.5532968
0.0,10.37109375,207.8173828125,593.7407,0.5529778
0.0,10.37109375,207.8173828125,589.6184,0.5497439
0.0,10.37109375,207.8173828125,585.4961,0.52195406
0.0,10.37109375,207.8173828125,577.25146,0.5019493
0.0,10.37109375,207.8173828125,573.12915,0.502105
0.0,10.37109375,207.8173828125,566.9457,0.491431
0.0,10.37109375,207.8173828125,562.8234,0.5145793
0.0,10.37109375,207.8173828125,558.7011,0.48989034
0.0,10.37109375,207.8173828125,554.5788,0.48561168
0.0,10.37109375,207.8173828125,546.3342,0.49273682
0.0,10.37109375,207.8173828125,542.21185,0.4859569
0.0,10.37109375,207.8173828125,536.02844,0.47734094
0.0,10.37109375,207.8173828125,529.845,0.45483017
0.0,10.37109375,207.8173828125,523.6615,0.4433694
0.0,10.37109375,207.8173828125,517.4781,0.46743035
0.0,10.37109375,207.8173828125,513.3557,0.47125983
0.0,10.37109375,207.8173828125,507.1723,0.48630404
0.0,10.37109375,207.8173828125,500.98883,0.432487
0.0,10.37109375,207.8173828125,496.86655,0.43890095
0.0,10.37109375,207.8173828125,492.74423,0.42893672
0.0,10.37109375,207.8173828125,478.3162,0.43767047
0.0,10.37109375,207.8173828125,474.19388,0.43749738
0.0,10.37109375,207.8173828125,470.07153,0.42921352
0.0,10.37109375,207.8173828125,461.82693,0.41471338
0.0,10.37109375,207.8173828125,455.64346,0.3928256
0.0,10.37109375,207.8173828125,447.39886,0.44264078
0.0,10.37109375,207.8173828125,441.2154,0.4214182
0.0,10.37109375,207.8173828125,432.97083,0.38238883
0.0,10.37109375,207.8173828125,426.78735,0.37653875
0.0,10.37109375,207.8173828125,422.66504,0.40163493
0.0,10.37109375,207.8173828125,418.54276,0.37070036
0.0,10.37109375,207.8173828125,414.42044,0.38723564
0.0,10.37109375,207.8173828125,410.29816,0.37669444
0.0,10.37109375,207.8173828125,406.17584,0.37606788
0.0,10.37109375,207.8173828125,399.99237,0.4148333
0.0,10.37109375,207.8173828125,395.8701,0.3976183
0.0,10.37109375,207.8173828125,389.6866,0.402395
0.0,10.37109375,207.8173828125,385.5643,0.3565607
0.0,10.37109375,207.8173828125,381.44202,0.3935883
0.0,10.37109375,207.8173828125,371.13626,0.36312723
0.0,10.37109375,207.8173828125,364.9528,0.37077165
0.0,10.37109375,207.8173828125,360.83047,0.33630157
0.0,10.37109375,207.8173828125,356.7082,0.35139704
0.0,10.37109375,207.8173828125,352.58588,0.33924007
0.0,10.37109375,207.8173828125,342.28012,0.3745227
0.0,10.37109375,207.8173828125,338.1578,0.34925604
0.0,10.37109375,207.8173828125,334.0355,0.36275887
0.0,10.37109375,207.8173828125,325.7909,0.35081077
0.0,10.37109375,207.8173828125,321.66858,0.35881972
0.0,10.37109375,207.8173828125,315.48514,0.35194063
0.0,10.37109375,207.8173828125,305.17938,0.3383739
0.0,10.37109375,207.8173828125,296.93475,0.34735966
0.0,10.37109375,207.8173828125,290.7513,0.36263824
0.0,10.37109375,207.8173828125,280.44553,0.34127712
0.0,10.37109375,207.8173828125,274.2621,0.34265757
0.0,10.37109375,207.8173828125,270.1398,0.34807467
0.0,10.37109375,207.8173828125,263.95633,0.34426498
0.0,10.37109375,207.8173828125,257.77286,0.36369133
0.0,10.37109375,207.8173828125,247.4671,0.36974335
0.0,10.37109375,207.8173828125,239.22249,0.36773992
0.0,10.37109375,207.8173828125,233.03903,0.34202456
0.0,10.37109375,207.8173828125,228.91675,0.34982944
0.0,10.37109375,207.8173828125,224.79442,0.34958458
0.0,10.37109375,207.8173828125,218.61098,0.37448287
0.0,10.37109375,207.8173828125,212.4275,0.3369863
0.0,10.37109375,207.8173828125,202.12177,0.34424734
0.0,10.37109375,207.8173828125,189.75484,0.3522334
0.0,10.37109375,207.8173828125,183.57138,0.37327194
0.0,10.37109375,207.8173828125,179.44907,0.34602308
0.0,10.37109375,207.8173828125,171.20447,0.36316967
0.0,10.37109375,207.8173828125,160.8987,0.35395002
0.0,10.37109375,207.8173828125,154.71526,0.39560175
0.0,10.37109375,207.8173828125,148.5318,0.37130308
0.0,10.37109375,207.8173828125,142.34833,0.40502357
0.0,10.37109375,207.8173828125,138.22603,0.37662387
0.0,10.37109375,207.8173828125,134.10373,0.39245582
0.0,10.37109375,207.8173828125,129.98141,0.38626695
0.0,10.37109375,207.8173828125,123.79796,0.40849042
0.0,10.37109375,207.8173828125,117.6145,0.43455338
0.0,10.37109375,207.8173828125,113.4922,0.39350557
0.0,10.37109375,207.8173828125,105.2476,0.42330432
0.0,10.37109375,207.8173828125,99.06414,0.4090178
0.0,10.37109375,207.8173828125,94.941826,0.40759826
0.0,10.37109375,207.8173828125,90.81953,0.40625024
0.0,10.37109375,207.8173828125,84.63606,0.45144367
0.0,10.37109375,207.8173828125,74.33031,0.4301598
0.0,10.37109375,207.8173828125,68.14685,0.45658302
0.0,10.37109375,207.8173828125,61.963394,0.42033887
0.0,10.37109375,207.8173828125,57.841087,0.44640636
0.0,10.37109375,207.8173828125,51.65763,0.45473242
0.0,10.37109375,207.8173828125,43.41302,0.461138
0.0,10.37109375,207.8173828125,37.229565,0.462888
0.0,10.37109375,207.8173828125,33.107258,0.4323442
0.0,10.37109375,207.8173828125,26.923803,0.4565761
0.0,10.37109375,207.8173828125,22.801498,0.43782878
0.0,10.37109375,207.8173828125,18.679193,0.46655273
0.0,10.37109375,207.8173828125,14.556889,0.45975637
0.0,10.37109375,207.8173828125,8.373431,0.5116172
0.0,10.37109375,207.8173828125,-28.727312,2.0790997
0.0,10.37109375,207.8173828125,-39.033073,2.2091115
0.0,10.37109375,207.8173828125,-47.27768,1.9222858
0.0,10.37109375,207.8173828125,-74.07266,0.59839416
0.0,10.37109375,207.8173828125,-88.50073,0.6783371
0.0,10.37109375,207.8173828125,-100.867645,0.5326016
0.0,10.37109375,207.8173828125,-104.989944,0.5299876
0.0,10.37109375,207.8173828125,-111.1734,0.48160982
0.0,10.37109375,207.8173828125,-117.35686,0.44646168
0.0,10.37109375,207.8173828125,-125.60147,0.44695902
0.0,10.37109375,207.8173828125,-131.78493,0.43017244
0.0,10.37109375,207.8173828125,-140.02954,0.45194197
0.0,10.37109375,207.8173828125,-144.15184,0.45403457
0.0,10.37109375,207.8173828125,-148.27414,0.44328332
0.0,10.37109375,207.8173828125,-152.39645,0.43224144
0.0,10.37109375,207.8173828125,-156.51875,0.41499496
0.0,10.37109375,207.8173828125,-160.64105,0.43046832
0.0,10.37109375,207.8173828125,-170.94682,0.4000268
0.0,10.37109375,207.8173828125,-181.25258,0.39999723
0.0,10.37109375,207.8173828125,-187.43604,0.41400313
0.0,10.37109375,207.8173828125,-197.7418,0.41339278
0.0,10.37109375,207.8173828125,-201.8641,0.3955722
0.0,10.37109375,207.8173828125,-208.04755,0.42138147
0.0,10.37109375,207.8173828125,-212.16988,0.39872146
0.0,10.37109375,207.8173828125,-218.35332,0.40250206
0.0,10.37109375,207.8173828125,-224.53679,0.39031696
0.0,10.37109375,207.8173828125,-228.65909,0.39184928
0.0,10.37109375,207.8173828125,-238.96486,0.42453504
0.0,10.37109375,207.8173828125,-243.08716,0.39550138
0.0,10.37109375,207.8173828125,-249.2706,0.4088652
0.0,10.37109375,207.8173828125,-257.51523,0.39320564
0.0,10.37109375,207.8173828125,-265.75983,0.360538
0.0,10.37109375,207.8173828125,-269.88214,0.37593412
0.0,10.37109375,207.8173828125,-274.00443,0.39018536
0.0,10.37109375,207.8173828125,-282.24905,0.37662935
0.0,10.37109375,207.8173828125,-288.4325,0.3994274
0.0,10.37109375,207.8173828125,-294.61597,0.38725662
0.0,10.37109375,207.8173828125,-304.92172,0.3933363
0.0,10.37109375,207.8173828125,-311.1052,0.37883615
0.0,10.37109375,207.8173828125,-317.28864,0.3980856
0.0,10.37109375,207.8173828125,-321.41095,0.4098735
0.0,10.37109375,207.8173828125,-325.53326,0.43436718
0.0,10.37109375,207.8173828125,-331.7167,0.39491224
0.0,10.37109375,207.8173828125,-335.83902,0.4050808
0.0,10.37109375,207.8173828125,-344.08362,0.39561367
0.0,10.37109375,207.8173828125,-348.2059,0.40456438
0.0,10.37109375,207.8173828125,-354.38937,0.4156518
0.0,10.37109375,207.8173828125,-358.5117,0.42462206
0.0,10.37109375,207.8173828125,-368.81744,0.38581944
0.0,10.37109375,207.8173828125,-375.00092,0.40411758
0.0,10.37109375,207.8173828125,-379.12323,0.38682652
0.0,10.37109375,207.8173828125,-383.2455,0.37657118
0.0,10.37109375,207.8173828125,-391.4901,0.4224801
0.0,10.37109375,207.8173828125,-395.6124,0.40905333
0.0,10.37109375,207.8173828125,-403.85706,0.42118406
0.0,10.37109375,207.8173828125,-414.1628,0.38832235
0.0,10.37109375,207.8173828125,-420.34625,0.4266634
0.0,10.37109375,207.8173828125,-428.59088,0.3962021
0.0,10.37109375,207.8173828125,-432.7132,0.40881872
0.0,10.37109375,207.8173828125,-440.95776,0.41995335
0.0,10.37109375,207.8173828125,-445.08008,0.3974085
0.0,10.37109375,207.8173828125,-453.32468,0.4219694
0.0,10.37109375,207.8173828125,-459.50815,0.41006947
0.0,10.37109375,207.8173828125,-463.63043,0.410295
0.0,10.37109375,207.8173828125,-471.8751,0.40241575
0.0,10.37109375,207.8173828125,-478.0585,0.39035845
0.0,10.37109375,207.8173828125,-484.24197,0.39653492
0.0,10.37109375,207.8173828125,-490.42545,0.46611166
0.0,10.37109375,207.8173828125,-494.54773,0.38525248
0.0,10.37109375,207.8173828125,-506.91464,0.42260027
0.0,10.37109375,207.8173828125,-511.037,0.3930483
0.0,10.37109375,207.8173828125,-519.28156,0.4022069
0.0,10.37109375,207.8173828125,-523.4039,0.39583397
0.0,10.37109375,207.8173828125,-529.58734,0.4014449
0.0,10.37109375,207.8173828125,-533.70966,0.39940405
0.0,10.37109375,207.8173828125,-537.8319,0.42910957
0.0,10.37109375,207.8173828125,-544.0154,0.4208536
0.0,10.37109375,207.8173828125,-550.19885,0.41650152
0.0,10.37109375,207.8173828125,-554.32117,0.3861761
0.0,10.37109375,207.8173828125,-562.5658,0.39625454
0.0,10.37109375,207.8173828125,-568.74927,0.3886218
0.0,10.37109375,207.8173828125,-572.8715,0.41088963
0.0,10.37109375,207.8173828125,-579.055,0.40332556
0.0,10.37109375,207.8173828125,-583.1773,0.41397762
0.0,10.37109375,207.8173828125,-591.4219,0.39017105
0.0,10.37109375,207.8173828125,-595.5442,0.36098957
0.0,10.37109375,207.8173828125,-601.72766,0.43768883
0.0,10.37109375,207.8173828125,-612.03345,0.40720272
0.0,10.37109375,207.8173828125,-618.21686,0.4264207
0.0,10.37109375,207.8173828125,-624.4003,0.4206357
0.0,10.37109375,207.8173828125,-628.52264,0.39159727
0.0,10.37109375,207.8173828125,-636.7672,0.42787075
0.0,10.37109375,207.8173828125,-640.8896,0.39881516
0.0,10.37109375,207.8173828125,-647.073,0.39424276
0.0,10.37109375,207.8173828125,-651.1953,0.38066053
0.0,10.37109375,207.8173828125,-655.3176,0.42183542
0.0,10.37109375,207.8173828125,-659.43994,0.43210268
0.0,10.37109375,207.8173828125,-667.6845,0.40243673
0.0,10.37109375,207.8173828125,-671.8068,0.40010357
0.0,10.37109375,207.8173828125,-680.05145,0.42164946
0.0,10.37109375,207.8173828125,-686.2349,0.3948722
0.0,10.37109375,207.8173828125,-694.47955,0.44029856
0.0,10.37109375,207.8173828125,-706.84644,0.3810506
0.0,10.37109375,207.8173828125,-710.96875,0.41298342
0.0,10.37109375,207.8173828125,-715.091,0.40057373
0.0,10.37109375,207.8173828125,-725.3968,0.43111897
0.0,10.37109375,207.8173828125,-731.58026,0.3959751
0.0,10.37109375,207.8173828125,-737.76373,0.37948895
0.0,10.37109375,207.8173828125,-741.886,0.40205717
0.0,10.37109375,207.8173828125,-754.2529,0.41152382
0.0,10.37109375,207.8173828125,-762.4975,0.42466354
0.0,10.37109375,207.8173828125,-766.6199,0.4405074
0.0,10.37109375,207.8173828125,-772.80334,0.41344213
0.0,10.37109375,207.8173828125,-776.9256,0.39761734
0.0,10.37109375,207.8173828125,-785.17017,0.3806672
0.0,10.37109375,207.8173828125,-789.29254,0.38138342
0.0,10.37109375,207.8173828125,-795.476,0.378057
0.0,10.37109375,207.8173828125,-799.59827,0.37664557
0.0,10.37109375,207.8173828125,-803.7206,0.39889145
0.0,10.37109375,207.8173828125,-811.9652,0.3806467
0.0,10.37109375,207.8173828125,-822.271,0.38602638
0.0,10.37109375,207.8173828125,-826.39325,0.37626648
0.0,10.37109375,207.8173828125,-832.5767,0.41102123
0.0,10.37109375,207.8173828125,-838.7602,0.3610773
0.0,10.37109375,207.8173828125,-847.00476,0.40218258
0.0,10.37109375,207.8173828125,-857.3105,0.39610672
0.0,10.37109375,207.8173828125,-863.49396,0.36091375
0.0,10.37109375,207.8173828125,-867.61633,0.35218906
0.0,10.37109375,207.8173828125,-873.7998,0.38044262
0.0,10.37109375,207.8173828125,-877.92206,0.38563108
0.0,10.37109375,207.8173828125,-890.289,0.33771563
0.0,10.37109375,207.8173828125,-894.4113,0.32525587
0.0,10.37109375,207.8173828125,-898.53357,0.32846117
0.0,10.37109375,207.8173828125,-906.7782,0.36825132
0.0,10.37109375,207.8173828125,-910.9005,0.41464138
0.0,10.37109375,207.8173828125,-915.02277,0.34158373
0.0,10.37109375,207.8173828125,-919.14514,0.35872698
0.0,10.37109375,207.8173828125,-925.3286,0.34323263
0.0,10.37109375,207.8173828125,-933.5732,0.35067415
0.0,10.37109375,207.8173828125,-941.8178,0.33978415
0.0,10.37109375,207.8173828125,-945.9401,0.34515572
0.0,10.37109375,207.8173828125,-952.1236,0.36569262
0.0,10.37109375,207.8173828125,-958.30695,0.3590746
0.0,10.37109375,207.8173828125,-964.4904,0.3975048
0.0,10.37109375,207.8173828125,-972.73505,0.808311
0.0,10.37109375,207.8173828125,-980.97974,0.46602678
0.0,10.37109375,207.8173828125,-987.1631,0.5466118
0.0,10.37109375,207.8173828125,-997.46893,0.7531862
0.0,10.37109375,207.8173828125,-1001.5912,0.6886525
0.0,10.37109375,207.8173828125,-1013.9581,0.7870507
0.0,10.37109375,207.8173828125,-1022.2027,0.9328971
0.0,10.37109375,207.8173828125,-1026.3251,0.9975667
0.0,10.37109375,207.8173828125,-1032.5085,1.1669445
0.0,10.37109375,207.8173828125,-1036.6307,1.2720466
0.0,10.37109375,207.8173828125,-1044.8754,1.3742876
0.0,10.37109375,207.8173828125,-1048.9977,1.2960434
3.111111111111111,12.98583984375,207.8173828125,925.58624,0.5430162
3.111111111111111,12.98583984375,207.8173828125,917.34155,0.24191403
3.111111111111111,12.98583984375,207.8173828125,913.2193,0.24702811
3.111111111111111,12.98583984375,207.8173828125,904.97473,0.24008965
3.111111111111111,12.98583984375,207.8173828125,898.79126,0.24407244
3.111111111111111,12.98583984375,207.8173828125,892.6078,0.22446847
3.111111111111111,12.98583984375,207.8173828125,886.4243,0.28441262
3.111111111111111,12.98583984375,207.8173828125,882.30206,0.2660327
3.111111111111111,12.98583984375,207.8173828125,876.1186,0.2561822
3.111111111111111,12.98583984375,207.8173828125,869.9351,0.23638368
3.111111111111111,12.98583984375,207.8173828125,861.69055,0.23939443
3.111111111111111,12.98583984375,207.8173828125,853.44586,0.5213556
3.111111111111111,12.98583984375,207.8173828125,849.3236,0.25439048
3.111111111111111,12.98583984375,207.8173828125,845.20123,0.24883056
3.111111111111111,12.98583984375,207.8173828125,839.01776,0.27004266
3.111111111111111,12.98583984375,207.8173828125,826.65094,0.27923083
3.111111111111111,12.98583984375,207.8173828125,820.46747,0.2402072
3.111111111111111,12.98583984375,207.8173828125,814.284,0.52333236
3.111111111111111,12.98583984375,207.8173828125,810.1616,0.27213192
3.111111111111111,12.98583984375,207.8173828125,806.03937,0.3037157
3.111111111111111,12.98583984375,207.8173828125,797.7948,0.27219725
3.111111111111111,12.98583984375,207.8173828125,789.5502,0.30768156
3.111111111111111,12.98583984375,207.8173828125,777.1833,0.3061056
3.111111111111111,12.98583984375,207.8173828125,770.9998,0.32500553
3.111111111111111,12.98583984375,207.8173828125,766.87744,0.34241033
3.111111111111111,12.98583984375,207.8173828125,760.6941,0.31566095
3.111111111111111,12.98583984375,207.8173828125,756.5717,0.3033669
3.111111111111111,12.98583984375,207.8173828125,752.4494,0.3231833
3.111111111111111,12.98583984375,207.8173828125,746.266,0.35115743
3.111111111111111,12.98583984375,207.8173828125,738.02136,0.39175367
3.111111111111111,12.98583984375,207.8173828125,731.8379,0.33984137
3.111111111111111,12.98583984375,207.8173828125,725.6544,0.32810783
3.111111111111111,12.98583984375,207.8173828125,717.40985,0.32766795
3.111111111111111,12.98583984375,207.8173828125,713.28754,0.32412863
3.111111111111111,12.98583984375,207.8173828125,709.1652,0.3559134
3.111111111111111,12.98583984375,207.8173828125,705.0429,0.3192711
3.111111111111111,12.98583984375,207.8173828125,698.85944,0.3553667
3.111111111111111,12.98583984375,207.8173828125,694.7372,0.29816604
3.111111111111111,12.98583984375,207.8173828125,680.3091,0.3133614
3.111111111111111,12.98583984375,207.8173828125,672.0645,0.29534316
3.111111111111111,12.98583984375,207.8173828125,663.8199,0.29252362
3.111111111111111,12.98583984375,207.8173828125,653.5141,0.29469633
3.111111111111111,12.98583984375,207.8173828125,643.2084,0.283983
3.111111111111111,12.98583984375,207.8173828125,639.08606,0.28426194
3.111111111111111,12.98583984375,207.8173828125,634.96375,0.25551105
3.111111111111111,12.98583984375,207.8173828125,630.84143,0.26402354
3.111111111111111,12.98583984375,207.8173828125,626.7191,0.27043414
3.111111111111111,12.98583984375,207.8173828125,614.3522,0.2336371
3.111111111111111,12.98583984375,207.8173828125,610.2299,0.21308684
3.111111111111111,12.98583984375,207.8173828125,604.04645,0.23287892
3.111111111111111,12.98583984375,207.8173828125,597.863,0.22934341
3.111111111111111,12.98583984375,207.8173828125,593.7407,0.2280004
3.111111111111111,12.98583984375,207.8173828125,589.6184,0.22032237
3.111111111111111,12.98583984375,207.8173828125,-26.666159,1.7229686
3.111111111111111,12.98583984375,207.8173828125,-39.033073,1.8864968
3.111111111111111,12.98583984375,207.8173828125,-972.73505,0.2184887
3.111111111111111,12.98583984375,207.8173828125,-997.46893,0.22586823
3.111111111111111,12.98583984375,207.8173828125,-1026.3251,0.26574373
3.111111111111111,12.98583984375,207.8173828125,-1036.6307,0.44050074
3.111111111111111,12.98583984375,207.8173828125,-1042.8142,0.4919691
3.111111111111111,12.98583984375,207.8173828125,-1048.9977,0.43650913
3.111111111111111,12.98583984375,207.8173828125,-1053.12,0.33643627
6.222222222222222,15.79833984375,207.8173828125,925.58624,0.65138197
6.222222222222222,15.79833984375,207.8173828125,921.4639,0.3017254
6.222222222222222,15.79833984375,207.8173828125,917.34155,0.31057286
6.222222222222222,15.79833984375,207.8173828125,913.2193,0.32085848
6.222222222222222,15.79833984375,207.8173828125,904.97473,0.31508422
6.222222222222222,15.79833984375,207.8173828125,898.79126,0.3165257
6.222222222222222,15.79833984375,207.8173828125,892.6078,0.31100774
6.222222222222222,15.79833984375,207.8173828125,886.4243,0.38303614
6.222222222222222,15.79833984375,207.8173828125,882.30206,0.3471918
6.222222222222222,15.79833984375,207.8173828125,876.1186,0.32647538
6.222222222222222,15.79833984375,207.8173828125,869.9351,0.30876708
6.222222222222222,15.79833984375,207.8173828125,861.69055,0.3170557
6.222222222222222,15.79833984375,207.8173828125,853.44586,0.63981485
6.222222222222222,15.79833984375,207.8173828125,849.3236,0.3281784
6.222222222222222,15.79833984375,207.8173828125,845.20123,0.31954455
6.222222222222222,15.79833984375,207.8173828125,836.95667,0.3307569
6.222222222222222,15.79833984375,207.8173828125,828.71204,0.34598708
6.222222222222222,15.79833984375,207.8173828125,820.46747,0.30693793
6.222222222222222,15.79833984375,207.8173828125,814.284,0.62497616
6.222222222222222,15.79833984375,207.8173828125,810.1616,0.35169578
6.222222222222222,15.79833984375,207.8173828125,806.03937,0.3680029
6.222222222222222,15.79833984375,207.8173828125,789.5502,0.3702562
6.222222222222222,15.79833984375,207.8173828125,777.1833,0.37104797
6.222222222222222,15.79833984375,207.8173828125,770.9998,0.3992207
6.222222222222222,15.79833984375,207.8173828125,766.87744,0.4071231
6.222222222222222,15.79833984375,207.8173828125,760.6941,0.37306213
6.222222222222222,15.79833984375,207.8173828125,756.5717,0.3698206
6.222222222222222,15.79833984375,207.8173828125,752.4494,0.38566852
6.222222222222222,15.79833984375,207.8173828125,746.266,0.40956044
6.222222222222222,15.79833984375,207.8173828125,738.02136,0.45634484
6.222222222222222,15.79833984375,207.8173828125,731.8379,0.40236568
6.222222222222222,15.79833984375,207.8173828125,725.6544,0.3806696
6.222222222222222,15.79833984375,207.8173828125,717.40985,0.3864193
6.222222222222222,15.79833984375,207.8173828125,713.28754,0.3856771
6.222222222222222,15.79833984375,207.8173828125,709.1652,0.40417933
6.222222222222222,15.79833984375,207.8173828125,705.0429,0.37781787
6.222222222222222,15.79833984375,207.8173828125,698.85944,0.4292724
6.222222222222222,15.79833984375,207.8173828125,694.7372,0.35852766
6.222222222222222,15.79833984375,207.8173828125,686.49255,0.34690046
6.222222222222222,15.79833984375,207.8173828125,680.3091,0.37832022
6.222222222222222,15.79833984375,207.8173828125,672.0645,0.3568201
6.222222222222222,15.79833984375,207.8173828125,663.8199,0.36111236
6.222222222222222,15.79833984375,207.8173828125,653.5141,0.35678363
6.222222222222222,15.79833984375,207.8173828125,647.3307,0.31267595
6.222222222222222,15.79833984375,207.8173828125,643.2084,0.34025264
6.222222222222222,15.79833984375,207.8173828125,639.08606,0.34192204
6.222222222222222,15.79833984375,207.8173828125,626.7191,0.33428788
6.222222222222222,15.79833984375,207.8173828125,618.47455,0.3052013
6.222222222222222,15.79833984375,207.8173828125,604.04645,0.30054927
6.222222222222222,15.79833984375,207.8173828125,597.863,0.29047704
6.222222222222222,15.79833984375,207.8173828125,593.7407,0.28499293
6.222222222222222,15.79833984375,207.8173828125,589.6184,0.2873919
6.222222222222222,15.79833984375,207.8173828125,585.4961,0.26588225
6.222222222222222,15.79833984375,207.8173828125,577.25146,0.24275756
6.222222222222222,15.79833984375,207.8173828125,573.12915,0.23675704
6.222222222222222,15.79833984375,207.8173828125,566.9457,0.24337983
6.222222222222222,15.79833984375,207.8173828125,562.8234,0.2509663
6.222222222222222,15.79833984375,207.8173828125,558.7011,0.21927333
6.222222222222222,15.79833984375,207.8173828125,554.5788,0.21675014
6.222222222222222,15.79833984375,207.8173828125,546.3342,0.21439981
6.222222222222222,15.79833984375,207.8173828125,542.21185,0.22386599
6.222222222222222,15.79833984375,207.8173828125,536.02844,0.21783447
6.222222222222222,15.79833984375,207.8173828125,517.4781,0.20733094
6.222222222222222,15.79833984375,207.8173828125,507.1723,0.2067821
6.222222222222222,15.79833984375,207.8173828125,123.79796,0.23110557
6.222222222222222,15.79833984375,207.8173828125,117.6145,0.2573781
6.222222222222222,15.79833984375,207.8173828125,109.369896,0.20871544
6.222222222222222,15.79833984375,207.8173828125,8.373431,0.25643206
6.222222222222222,15.79833984375,207.8173828125,-26.666159,1.6726251
6.222222222222222,15.79833984375,207.8173828125,-39.033073,1.6929438
6.222222222222222,15.79833984375,207.8173828125,-972.73505,0.3426509
6.222222222222222,15.79833984375,207.8173828125,-997.46893,0.46448803
6.222222222222222,15.79833984375,207.8173828125,-1001.5912,0.29727125
6.222222222222222,15.79833984375,207.8173828125,-1009.8359,0.23727131
6.222222222222222,15.79833984375,207.8173828125,-1022.2027,0.3638382
6.222222222222222,15.79833984375,207.8173828125,-1026.3251,0.44885302
6.222222222222222,15.79833984375,207.8173828125,-1040.7532,0.681098
6.222222222222222,15.79833984375,207.8173828125,-1044.8754,0.6768074
6.222222222222222,15.79833984375,207.8173828125,-1048.9977,0.617157
6.222222222222222,15.79833984375,207.8173828125,-1053.12,0.5080347
9.333333333333334,18.61083984375,207.8173828125,925.58624,0.52969337
9.333333333333334,18.61083984375,207.8173828125,886.4243,0.26455474
9.333333333333334,18.61083984375,207.8173828125,853.44586,0.5402231
9.333333333333334,18.61083984375,207.8173828125,814.284,0.4793315
9.333333333333334,18.61083984375,207.8173828125,810.1616,0.20193267
9.333333333333334,18.61083984375,207.8173828125,806.03937,0.21829295
9.333333333333334,18.61083984375,207.8173828125,793.6725,0.21496177
9.333333333333334,18.61083984375,207.8173828125,789.5502,0.23073769
9.333333333333334,18.61083984375,207.8173828125,777.1833,0.24240732
9.333333333333334,18.61083984375,207.8173828125,770.9998,0.23853755
9.333333333333334,18.61083984375,207.8173828125,766.87744,0.2442832
9.333333333333334,18.61083984375,207.8173828125,760.6941,0.23389125
9.333333333333334,18.61083984375,207.8173828125,752.4494,0.24877024
9.333333333333334,18.61083984375,207.8173828125,746.266,0.26745486
9.333333333333334,18.61083984375,207.8173828125,738.02136,0.33312535
9.333333333333334,18.61083984375,207.8173828125,731.8379,0.25943542
9.333333333333334,18.61083984375,207.8173828125,725.6544,0.24257088
9.333333333333334,18.61083984375,207.8173828125,717.40985,0.24682379
9.333333333333334,18.61083984375,207.8173828125,713.28754,0.23451161
9.333333333333334,18.61083984375,207.8173828125,709.1652,0.265563
9.333333333333334,18.61083984375,207.8173828125,698.85944,0.27446175
9.333333333333334,18.61083984375,207.8173828125,694.7372,0.22479367
9.333333333333334,18.61083984375,207.8173828125,690.61487,0.21330357
9.333333333333334,18.61083984375,207.8173828125,686.49255,0.21520281
9.333333333333334,18.61083984375,207.8173828125,680.3091,0.23769116
9.333333333333334,18.61083984375,207.8173828125,672.0645,0.22530985
9.333333333333334,18.61083984375,207.8173828125,665.88104,0.21670747
9.333333333333334,18.61083984375,207.8173828125,653.5141,0.22080469
9.333333333333334,18.61083984375,207.8173828125,643.2084,0.20478916
9.333333333333334,18.61083984375,207.8173828125,639.08606,0.21268225
9.333333333333334,18.61083984375,207.8173828125,626.7191,0.20214796
9.333333333333334,18.61083984375,207.8173828125,8.373431,0.27417636
9.333333333333334,18.61083984375,207.8173828125,-28.727312,1.5159359
9.333333333333334,18.61083984375,207.8173828125,-39.033073,1.3586123
9.333333333333334,18.61083984375,207.8173828125,-997.46893,0.2231021
9.333333333333334,18.61083984375,207.8173828125,-1032.5085,0.28426695
9.333333333333334,18.61083984375,207.8173828125,-1036.6307,0.3355384
9.333333333333334,18.61083984375,207.8173828125,-1040.7532,0.36872387
9.333333333333334,18.61083984375,207.8173828125,-1053.12,0.21348286
12.444444444444445,21.4013671875,207.8173828125,925.58624,0.4741888
12.444444444444445,21.4013671875,207.8173828125,886.4243,0.24871516
12.444444444444445,21.4013671875,207.8173828125,853.44586,0.5737691
12.444444444444445,21.4013671875,207.8173828125,814.284,0.39101648
12.444444444444445,21.4013671875,207.8173828125,777.1833,0.21338701
12.444444444444445,21.4013671875,207.8173828125,746.266,0.20228744
12.444444444444445,21.4013671875,207.8173828125,738.02136,0.30033612
12.444444444444445,21.4013671875,207.8173828125,709.1652,0.21320868
12.444444444444445,21.4013671875,207.8173828125,698.85944,0.20868468
12.444444444444445,21.4013671875,207.8173828125,-8.115787,1.1378858
12.444444444444445,21.4013671875,207.8173828125,-32.849613,1.4078565
15.555555555555555,24.19189453125,207.79541015625,925.58624,0.6073601
15.555555555555555,24.19189453125,207.79541015625,921.4639,0.2001605
15.555555555555555,24.19189453125,207.79541015625,917.34155,0.24443913
15.555555555555555,24.19189453125,207.79541015625,913.2193,0.2340784
15.555555555555555,24.19189453125,207.79541015625,904.97473,0.21439767
15.555555555555555,24.19189453125,207.79541015625,898.79126,0.22728038
15.555555555555555,24.19189453125,207.79541015625,892.6078,0.38092685
15.555555555555555,24.19189453125,207.79541015625,886.4243,0.40730238
15.555555555555555,24.19189453125,207.79541015625,882.30206,0.25963736
15.555555555555555,24.19189453125,207.79541015625,876.1186,0.24535584
15.555555555555555,24.19189453125,207.79541015625,869.9351,0.21764088
15.555555555555555,24.19189453125,207.79541015625,861.69055,0.22508097
15.555555555555555,24.19189453125,207.79541015625,853.44586,0.73543143
15.555555555555555,24.19189453125,207.79541015625,847.26245,0.2417047
15.555555555555555,24.19189453125,207.79541015625,839.01776,0.25675797
15.555555555555555,24.19189453125,207.79541015625,826.65094,0.26254582
15.555555555555555,24.19189453125,207.79541015625,818.4063,0.22878528
15.555555555555555,24.19189453125,207.79541015625,814.284,0.52031326
15.555555555555555,24.19189453125,207.79541015625,810.1616,0.28179646
15.555555555555555,24.19189453125,207.79541015625,806.03937,0.2890625
15.555555555555555,24.19189453125,207.79541015625,797.7948,0.2600484
15.555555555555555,24.19189453125,207.79541015625,789.5502,0.2978866
15.555555555555555,24.19189453125,207.79541015625,777.1833,0.36645865
15.555555555555555,24.19189453125,207.79541015625,770.9998,0.32682204
15.555555555555555,24.19189453125,207.79541015625,766.87744,0.3242855
15.555555555555555,24.19189453125,207.79541015625,760.6941,0.3080809
15.555555555555555,24.19189453125,207.79541015625,756.5717,0.28792906
15.555555555555555,24.19189453125,207.79541015625,752.4494,0.30649734
15.555555555555555,24.19189453125,207.79541015625,746.266,0.33005857
15.555555555555555,24.19189453125,207.79541015625,738.02136,0.42277074
15.555555555555555,24.19189453125,207.79541015625,731.8379,0.31177807
15.555555555555555,24.19189453125,207.79541015625,725.6544,0.31167412
15.555555555555555,24.19189453125,207.79541015625,717.40985,0.31666446
15.555555555555555,24.19189453125,207.79541015625,713.28754,0.3123777
15.555555555555555,24.19189453125,207.79541015625,709.1652,0.34953237
15.555555555555555,24.19189453125,207.79541015625,698.85944,0.3285067
15.555555555555555,24.19189453125,207.79541015625,694.7372,0.28835893
15.555555555555555,24.19189453125,207.79541015625,680.3091,0.29467893
15.555555555555555,24.19189453125,207.79541015625,672.0645,0.28271532
15.555555555555555,24.19189453125,207.79541015625,665.88104,0.28730726
15.555555555555555,24.19189453125,207.79541015625,657.6364,0.26547766
15.555555555555555,24.19189453125,207.79541015625,651.45294,0.28098774
15.555555555555555,24.19189453125,207.79541015625,643.2084,0.27192402
15.555555555555555,24.19189453125,207.79541015625,639.08606,0.2654903
15.555555555555555,24.19189453125,207.79541015625,626.7191,0.25919676
15.555555555555555,24.19189453125,207.79541015625,622.59686,0.25079846
15.555555555555555,24.19189453125,207.79541015625,618.47455,0.2358737
15.555555555555555,24.19189453125,207.79541015625,610.2299,0.20682812
15.555555555555555,24.19189453125,207.79541015625,604.04645,0.2269404
15.555555555555555,24.19189453125,207.79541015625,597.863,0.21987581
15.555555555555555,24.19189453125,207.79541015625,593.7407,0.20320678
15.555555555555555,24.19189453125,207.79541015625,589.6184,0.21705294
15.555555555555555,24.19189453125,207.79541015625,8.373431,0.9474058
15.555555555555555,24.19189453125,207.79541015625,-8.115787,1.3682578
15.555555555555555,24.19189453125,207.79541015625,-16.360397,1.391007
15.555555555555555,24.19189453125,207.79541015625,-22.543854,1.3944116
15.555555555555555,24.19189453125,207.79541015625,-32.849613,1.2191458
15.555555555555555,24.19189453125,207.79541015625,-39.033073,1.2324846
15.555555555555555,24.19189453125,207.79541015625,-57.583443,0.59815764
15.555555555555555,24.19189453125,207.79541015625,-972.73505,0.21344423
15.555555555555555,24.19189453125,207.79541015625,-997.46893,0.3908882
15.555555555555555,24.19189453125,207.79541015625,-1026.3251,0.2414074
15.555555555555555,24.19189453125,207.79541015625,-1032.5085,0.3873129
15.555555555555555,24.19189453125,207.79541015625,-1036.6307,0.46940374
15.555555555555555,24.19189453125,207.79541015625,-1042.8142,0.5184336
15.555555555555555,24.19189453125,207.79541015625,-1053.12,0.30891323
18.666666666666668,27.00439453125,207.79541015625,925.58624,0.36665487
18.666666666666668,27.00439453125,207.79541015625,892.6078,0.25277734
18.666666666666668,27.00439453125,207.79541015625,886.4243,0.22065187
18.666666666666668,27.00439453125,207.79541015625,853.44586,0.55726194
18.666666666666668,27.00439453125,207.79541015625,814.284,0.32435846
18.666666666666668,27.00439453125,207.79541015625,777.1833,0.20966268
18.666666666666668,27.00439453125,207.79541015625,738.02136,0.25361156
18.666666666666668,27.00439453125,207.79541015625,14.556889,0.8311796
18.666666666666668,27.00439453125,207.79541015625,8.373431,0.8476367
18.666666666666668,27.00439453125,207.79541015625,2.1899743,0.81885815
18.666666666666668,27.00439453125,207.79541015625,-8.115787,0.6819489
18.666666666666668,27.00439453125,207.79541015625,-22.543854,1.2815666
18.666666666666668,27.00439453125,207.79541015625,-39.033073,1.0885813
18.666666666666668,27.00439453125,207.79541015625,-59.644596,0.5820973
18.666666666666668,27.00439453125,207.79541015625,-63.766903,0.5880058
21.77777777777778,29.794921875,207.92724609375,925.58624,0.33574295
21.77777777777778,29.794921875,207.92724609375,892.6078,0.38059568
21.77777777777778,29.794921875,207.92724609375,886.4243,0.33152747
21.77777777777778,29.794921875,207.92724609375,853.44586,0.66978145
21.77777777777778,29.794921875,207.92724609375,814.284,0.27901435
21.77777777777778,29.794921875,207.92724609375,777.1833,0.30149698
21.77777777777778,29.794921875,207.92724609375,738.02136,0.26925182
21.77777777777778,29.794921875,207.92724609375,68.14685,0.20282435
21.77777777777778,29.794921875,207.92724609375,26.923803,0.7267859
21.77777777777778,29.794921875,207.92724609375,22.801498,0.72961307
21.77777777777778,29.794921875,207.92724609375,18.679193,0.73554087
21.77777777777778,29.794921875,207.92724609375,14.556889,0.757884
21.77777777777778,29.794921875,207.92724609375,2.1899743,1.0181599
21.77777777777778,29.794921875,207.92724609375,-26.666159,1.2122893
21.77777777777778,29.794921875,207.92724609375,-41.094227,1.0790253
21.77777777777778,29.794921875,207.92724609375,-53.46114,0.46813416
21.77777777777778,29.794921875,207.92724609375,-59.644596,0.4677961
21.77777777777778,29.794921875,207.92724609375,-997.46893,0.2868805
24.88888888888889,32.58544921875,207.92724609375,925.58624,0.26559353
24.88888888888889,32.58544921875,207.92724609375,892.6078,0.5035958
24.88888888888889,32.58544921875,207.92724609375,886.4243,0.33864164
24.88888888888889,32.58544921875,207.92724609375,853.44586,0.6882665
24.88888888888889,32.58544921875,207.92724609375,814.284,0.22633934
24.88888888888889,32.58544921875,207.92724609375,777.1833,0.3331654
24.88888888888889,32.58544921875,207.92724609375,738.02136,0.25410867
24.88888888888889,32.58544921875,207.92724609375,55.779934,0.7951658
24.88888888888889,32.58544921875,207.92724609375,51.65763,0.7760558
24.88888888888889,32.58544921875,207.92724609375,37.229565,0.50751734
24.88888888888889,32.58544921875,207.92724609375,33.107258,0.5073874
24.88888888888889,32.58544921875,207.92724609375,14.556889,1.0029902
24.88888888888889,32.58544921875,207.92724609375,8.373431,0.9436474
24.88888888888889,32.58544921875,207.92724609375,-8.115787,0.5721495
24.88888888888889,32.58544921875,207.92724609375,-28.727312,1.0025592
24.88888888888889,32.58544921875,207.92724609375,-39.033073,1.0045135
24.88888888888889,32.58544921875,207.92724609375,-72.011505,0.3553579
24.88888888888889,32.58544921875,207.92724609375,-997.46893,0.3326192
28.0,35.3759765625,208.125,925.58624,0.2588575
28.0,35.3759765625,208.125,892.6078,0.6488879
28.0,35.3759765625,208.125,886.4243,0.42120457
28.0,35.3759765625,208.125,853.44586,0.7604368
28.0,35.3759765625,208.125,814.284,0.21888638
28.0,35.3759765625,208.125,777.1833,0.40051842
28.0,35.3759765625,208.125,770.9998,0.201792
28.0,35.3759765625,208.125,746.266,0.21468377
28.0,35.3759765625,208.125,738.02136,0.29872847
28.0,35.3759765625,208.125,709.1652,0.21496797
28.0,35.3759765625,208.125,700.92065,0.21354985
28.0,35.3759765625,208.125,43.41302,0.6962819
28.0,35.3759765625,208.125,37.229565,0.74617815
28.0,35.3759765625,208.125,22.801498,0.55907226
28.0,35.3759765625,208.125,14.556889,0.42842436
28.0,35.3759765625,208.125,8.373431,0.56116724
28.0,35.3759765625,208.125,2.1899743,0.6022124
28.0,35.3759765625,208.125,-8.115787,0.7134588
28.0,35.3759765625,208.125,-24.605005,1.0684607
28.0,35.3759765625,208.125,-39.033073,0.9893949
28.0,35.3759765625,208.125,-53.46114,0.6156504
28.0,35.3759765625,208.125,-72.011505,0.45521903
28.0,35.3759765625,208.125,-997.46893,0.316566
31.11111111111111,38.1884765625,208.2568359375,892.6078,0.7784474
31.11111111111111,38.1884765625,208.2568359375,886.4243,0.4113865
31.11111111111111,38.1884765625,208.2568359375,853.44586,0.7638941
31.11111111111111,38.1884765625,208.2568359375,816.3451,0.24385738
31.11111111111111,38.1884765625,208.2568359375,777.1833,0.46504116
31.11111111111111,38.1884765625,208.2568359375,770.9998,0.21540213
31.11111111111111,38.1884765625,208.2568359375,766.87744,0.22549438
31.11111111111111,38.1884765625,208.2568359375,746.266,0.24330783
31.11111111111111,38.1884765625,208.2568359375,738.02136,0.3022766
31.11111111111111,38.1884765625,208.2568359375,731.8379,0.22405791
31.11111111111111,38.1884765625,208.2568359375,725.6544,0.21491337
31.11111111111111,38.1884765625,208.2568359375,717.40985,0.21076584
31.11111111111111,38.1884765625,208.2568359375,713.28754,0.21981049
31.11111111111111,38.1884765625,208.2568359375,709.1652,0.22659421
31.11111111111111,38.1884765625,208.2568359375,705.0429,0.207551
31.11111111111111,38.1884765625,208.2568359375,700.92065,0.2470417
31.11111111111111,38.1884765625,208.2568359375,680.3091,0.20803285
31.11111111111111,38.1884765625,208.2568359375,661.7587,0.21910262
31.11111111111111,38.1884765625,208.2568359375,57.841087,1.0982463
31.11111111111111,38.1884765625,208.2568359375,51.65763,1.1479754
31.11111111111111,38.1884765625,208.2568359375,39.290718,1.0161602
31.11111111111111,38.1884765625,208.2568359375,28.984955,0.9335778
31.11111111111111,38.1884765625,208.2568359375,4.251127,0.9630656
31.11111111111111,38.1884765625,208.2568359375,-18.421549,1.1031127
31.11111111111111,38.1884765625,208.2568359375,-22.543854,1.1096272
31.11111111111111,38.1884765625,208.2568359375,-39.033073,0.8461554
31.11111111111111,38.1884765625,208.2568359375,-57.583443,0.41814303
31.11111111111111,38.1884765625,208.2568359375,-74.07266,0.3086753
31.11111111111111,38.1884765625,208.2568359375,-78.19497,0.30690742
31.11111111111111,38.1884765625,208.2568359375,-997.46893,0.5386853
31.11111111111111,38.1884765625,208.2568359375,-1001.5912,0.22989321
31.11111111111111,38.1884765625,208.2568359375,-1032.5085,0.20530653
31.11111111111111,38.1884765625,208.2568359375,-1036.6307,0.27645826
31.11111111111111,38.1884765625,208.2568359375,-1040.7532,0.33529568
31.11111111111111,38.1884765625,208.2568359375,-1048.9977,0.24683666
34.22222222222222,41.0009765625,208.388671875,892.6078,0.75051403
34.22222222222222,41.0009765625,208.388671875,886.4243,0.27410316
34.22222222222222,41.0009765625,208.388671875,853.44586,0.59228134
34.22222222222222,41.0009765625,208.388671875,777.1833,0.36812186
34.22222222222222,41.0009765625,208.388671875,51.65763,0.61314726
34.22222222222222,41.0009765625,208.388671875,37.229565,0.524199
34.22222222222222,41.0009765625,208.388671875,8.373431,0.8661876
34.22222222222222,41.0009765625,208.388671875,-26.666159,1.0406618
37.333333333333336,43.8134765625,208.49853515625,892.6078,0.79911804
37.333333333333336,43.8134765625,208.49853515625,886.4243,0.23110008
37.333333333333336,43.8134765625,208.49853515625,853.44586,0.50440073
37.333333333333336,43.8134765625,208.49853515625,816.3451,0.22916579
37.333333333333336,43.8134765625,208.49853515625,777.1833,0.3706448
37.333333333333336,43.8134765625,208.49853515625,43.41302,0.66951656
37.333333333333336,43.8134765625,208.49853515625,39.290718,0.6698382
37.333333333333336,43.8134765625,208.49853515625,18.679193,1.0248804
37.333333333333336,43.8134765625,208.49853515625,12.495736,1.0265818
37.333333333333336,43.8134765625,208.49853515625,-6.054635,1.1438742
37.333333333333336,43.8134765625,208.49853515625,-26.666159,0.9616718
37.333333333333336,43.8134765625,208.49853515625,-997.46893,0.20755672
40.44444444444444,46.58203125,208.63037109375,923.525,0.2685995
40.44444444444444,46.58203125,208.63037109375,892.6078,0.8600974
40.44444444444444,46.58203125,208.63037109375,853.44586,0.41716456
40.44444444444444,46.58203125,208.63037109375,816.3451,0.3278172
40.44444444444444,46.58203125,208.63037109375,777.1833,0.3884678
40.44444444444444,46.58203125,208.63037109375,37.229565,1.037108
40.44444444444444,46.58203125,208.63037109375,26.923803,1.1567147
40.44444444444444,46.58203125,208.63037109375,20.740345,1.2420411
40.44444444444444,46.58203125,208.63037109375,2.1899743,1.0209184
40.44444444444444,46.58203125,208.63037109375,-8.115787,1.2571023
40.44444444444444,46.58203125,208.63037109375,-26.666159,0.98447037
40.44444444444444,46.58203125,208.63037109375,-32.849613,1.00492
40.44444444444444,46.58203125,208.63037109375,-69.95036,0.48132682
43.55555555555556,49.39453125,208.7841796875,923.525,0.30593562
43.55555555555556,49.39453125,208.7841796875,892.6078,0.81078815
43.55555555555556,49.39453125,208.7841796875,853.44586,0.28519535
43.55555555555556,49.39453125,208.7841796875,816.3451,0.34113765
43.55555555555556,49.39453125,208.7841796875,777.1833,0.32619
43.55555555555556,49.39453125,208.7841796875,20.740345,1.3021646
43.55555555555556,49.39453125,208.7841796875,8.373431,0.8058057
43.55555555555556,49.39453125,208.7841796875,-1.9323304,1.0633228
43.55555555555556,49.39453125,208.7841796875,-16.360397,0.9812894
43.55555555555556,49.39453125,208.7841796875,-30.788464,0.8398423
43.55555555555556,49.39453125,208.7841796875,-78.19497,0.3245809
46.666666666666664,52.18505859375,208.93798828125,923.525,0.32935643
46.666666666666664,52.18505859375,208.93798828125,892.6078,0.7553201
46.666666666666664,52.18505859375,208.93798828125,816.3451,0.36016107
46.666666666666664,52.18505859375,208.93798828125,777.1833,0.28371167
46.666666666666664,52.18505859375,208.93798828125,20.740345,1.4565797
46.666666666666664,52.18505859375,208.93798828125,-8.115787,0.75307536
46.666666666666664,52.18505859375,208.93798828125,-16.360397,0.86763287
46.666666666666664,52.18505859375,208.93798828125,-28.727312,0.9136939
49.77777777777778,57.7880859375,209.28955078125,923.525,0.37754822
49.77777777777778,57.7880859375,209.28955078125,892.6078,0.58453774
49.77777777777778,57.7880859375,209.28955078125,855.5071,0.20989227
49.77777777777778,57.7880859375,209.28955078125,816.3451,0.37796855
49.77777777777778,57.7880859375,209.28955078125,18.679193,1.2390566
49.77777777777778,57.7880859375,209.28955078125,14.556889,1.239337
49.77777777777778,57.7880859375,209.28955078125,8.373431,1.0874357
49.77777777777778,57.7880859375,209.28955078125,-16.360397,0.8719535
49.77777777777778,57.7880859375,209.28955078125,-26.666159,1.094873
52.88888888888889,60.57861328125,209.443359375,923.525,0.4149263
52.88888888888889,60.57861328125,209.443359375,892.6078,0.51519537
52.88888888888889,60.57861328125,209.443359375,855.5071,0.28419423
52.88888888888889,60.57861328125,209.443359375,816.3451,0.4045639
52.88888888888889,60.57861328125,209.443359375,8.373431,1.0776868
52.88888888888889,60.57861328125,209.443359375,-12.238092,0.6927452
52.88888888888889,60.57861328125,209.443359375,-24.605005,0.9879472
52.88888888888889,60.57861328125,209.443359375,-90.561874,0.31167054
56.0,63.369140625,209.59716796875,923.525,0.28256536
56.0,63.369140625,209.59716796875,892.6078,0.2737198
56.0,63.369140625,209.59716796875,855.5071,0.24103594
56.0,63.369140625,209.59716796875,816.3451,0.2842505
56.0,63.369140625,209.59716796875,2.1899743,0.960021
56.0,63.369140625,209.59716796875,-6.054635,0.9391837
56.0,63.369140625,209.59716796875,-22.543854,0.8557687
56.0,63.369140625,209.59716796875,-28.727312,0.78543806
59.111111111111114,66.181640625,209.77294921875,923.525,0.3688488
59.111111111111114,66.181640625,209.77294921875,892.6078,0.29429293
59.111111111111114,66.181640625,209.77294921875,855.5071,0.38232732
59.111111111111114,66.181640625,209.77294921875,816.3451,0.36269522
59.111111111111114,66.181640625,209.77294921875,-1.9323304,0.9760406
59.111111111111114,66.181640625,209.77294921875,-22.543854,1.1193628
59.111111111111114,66.181640625,209.77294921875,-43.155376,0.70484185
59.111111111111114,66.181640625,209.77294921875,-92.62304,0.3465469
62.22222222222222,68.9501953125,209.94873046875,923.525,0.24836612
62.22222222222222,68.9501953125,209.94873046875,855.5071,0.36413956
62.22222222222222,68.9501953125,209.94873046875,816.3451,0.25280142
62.22222222222222,68.9501953125,209.94873046875,-8.115787,1.0676873
62.22222222222222,68.9501953125,209.94873046875,-20.4827,1.248172
62.22222222222222,68.9501953125,209.94873046875,-94.68419,0.2138114
65.33333333333333,71.7626953125,210.08056640625,923.525,0.22587752
65.33333333333333,71.7626953125,210.08056640625,855.5071,0.41752577
65.33333333333333,71.7626953125,210.08056640625,816.3451,0.23414993
65.33333333333333,71.7626953125,210.08056640625,-20.4827,1.3316972
68.44444444444444,74.53125,210.1025390625,894.66895,0.2257781
68.44444444444444,74.53125,210.1025390625,855.5071,0.4370246
68.44444444444444,74.53125,210.1025390625,816.3451,0.20499396
68.44444444444444,74.53125,210.1025390625,-20.4827,1.5859716
68.44444444444444,74.53125,210.1025390625,-94.68419,0.26819062
68.44444444444444,74.53125,210.1025390625,-1001.5912,0.39886045
71.55555555555556,77.34375,210.05859375,923.525,0.2042563
71.55555555555556,77.34375,210.05859375,894.66895,0.27352738
71.55555555555556,77.34375,210.05859375,855.5071,0.5049293
71.55555555555556,77.34375,210.05859375,816.3451,0.20425248
71.55555555555556,77.34375,210.05859375,-20.4827,1.5845916
71.55555555555556,77.34375,210.05859375,-92.62304,0.35534263
71.55555555555556,77.34375,210.05859375,-98.80649,0.3444085
71.55555555555556,77.34375,210.05859375,-1001.5912,0.29457998
74.66666666666667,80.13427734375,209.794921875,894.66895,0.37621427
74.66666666666667,80.13427734375,209.794921875,855.5071,0.5197854
74.66666666666667,80.13427734375,209.794921875,779.2444,0.21414351
74.66666666666667,80.13427734375,209.794921875,-22.543854,1.5885568
74.66666666666667,80.13427734375,209.794921875,-43.155376,0.3125763
74.66666666666667,80.13427734375,209.794921875,-49.338837,0.36256433
77.77777777777779,82.90283203125,209.0478515625,923.525,0.32478046
77.77777777777779,82.90283203125,209.0478515625,894.66895,0.5269327
77.77777777777779,82.90283203125,209.0478515625,884.3632,0.3067689
77.77777777777779,82.90283203125,209.0478515625,855.5071,0.67964673
77.77777777777779,82.90283203125,209.0478515625,816.3451,0.30822873
77.77777777777779,82.90283203125,209.0478515625,779.2444,0.33035994
77.77777777777779,82.90283203125,209.0478515625,740.0825,0.2717769
77.77777777777779,82.90283203125,209.0478515625,-16.360397,1.587873
77.77777777777779,82.90283203125,209.0478515625,-26.666159,1.6603322
77.77777777777779,82.90283203125,209.0478515625,-55.522293,0.6086607
77.77777777777779,82.90283203125,209.0478515625,-84.378426,0.3779657
77.77777777777779,82.90283203125,209.0478515625,-94.68419,0.56045675
77.77777777777779,82.90283203125,209.0478515625,-98.80649,0.5522151
77.77777777777779,82.90283203125,209.0478515625,-1001.5912,0.22001457
80.88888888888889,85.71533203125,207.04833984375,894.66895,0.5604136
80.88888888888889,85.71533203125,207.04833984375,884.3632,0.23463893
80.88888888888889,85.71533203125,207.04833984375,855.5071,0.6211107
80.88888888888889,85.71533203125,207.04833984375,779.2444,0.31955576
80.88888888888889,85.71533203125,207.04833984375,740.0825,0.20579481
80.88888888888889,85.71533203125,207.04833984375,-10.17694,1.4355998
80.88888888888889,85.71533203125,207.04833984375,-18.421549,1.3571548
80.88888888888889,85.71533203125,207.04833984375,-22.543854,1.332305
80.88888888888889,85.71533203125,207.04833984375,-61.705746,0.51257896
80.88888888888889,85.71533203125,207.04833984375,-88.50073,0.29464602
84.0,88.41796875,196.083984375,894.66895,0.6207211
84.0,88.41796875,196.083984375,884.3632,0.21518373
84.0,88.41796875,196.083984375,855.5071,0.5732546
84.0,88.41796875,196.083984375,779.2444,0.32369757
84.0,88.41796875,196.083984375,-14.299244,1.1274476
84.0,88.41796875,196.083984375,-22.543854,1.0679913
84.0,88.41796875,196.083984375,-59.644596,0.98025966
84.0,88.41796875,196.083984375,-90.561874,0.37680078
